Title,Price,Rating,Availability
"Apple Watch SE (2nd Gen, 2023) [GPS 40mm] Smartwatch with Midnight Aluminium Case with Midnight Sport Band S/M. Fitness & Sleep Tracker, Crash Detection, Heart Rate Monitor",£208.00,4.6 out of 5 stars,In stock
"Apple Watch Series 9 [GPS 41mm] Smartwatch with Starlight Aluminum Case with Starlight Sport Band M/L. Fitness Tracker, Blood Oxygen & ECG Apps, Always-On Retina Display, Water Resistant",£394.00,4.6 out of 5 stars,In stock
Apple Watch Series 6 44mm (GPS + Cellular) - Space Grey Aluminium Case with Black Sport Band (Renewed),,,Only 1 left in stock.
Apple Watch Series 6 44mm (GPS) - Space Grey Aluminium Case with Black Sport Band (Renewed),,,Only 1 left in stock.
"Apple Watch Series 8 (GPS, 45MM) - Midnight Aluminium Case with Midnight Sport Band (Renewed)",,4.3 out of 5 stars,In stock
Apple Watch Series 4 40mm (GPS + Cellular) - Space Grey Aluminium Case with Black Sport Band (Renewed),,,Only 1 left in stock.
"Apple Watch SE (2nd Gen, 2023) [GPS + Cellular 40mm] Smartwatch with Starlight Aluminium Case with Starlight Sport Band S/M. Fitness & Sleep Tracker, Crash Detection, Heart Rate Monitor",£275.00,4.6 out of 5 stars,Only 10 left in stock.
"Apple Watch Series 9 [GPS + Cellular 45mm] Smartwatch with Midnight Aluminum Case with Midnight Sport Band M/L. Fitness Tracker, Blood Oxygen & ECG Apps, Always-On Retina Display, Water Resistant",£502.00,4.5 out of 5 stars,Only 15 left in stock.
"Apple Watch Ultra 2 [GPS + Cellular 49mm] Smartwatch with Rugged Titanium Case & Blue Ocean Band. Fitness Tracker, Precision GPS, Action Button, Extra-Long Battery Life, Bright Retina Display",£769.00,4.7 out of 5 stars,In stock
"Apple Watch Ultra (GPS + Cellular, 49mm) Titanium Case with Midnight Ocean Band - One Size(Renewed)",,,Only 4 left in stock.
"Apple Watch Series 9 (GPS, 45MM) - Midnight Aluminum Case with Midnight Sport Band, M/L (Renewed)",,,In stock
Apple Watch SE 40mm (GPS + Cellular) - Gold Aluminium Case with Pink Sand Sport Band (Renewed),,,In stock
"Apple Watch Series 4 (GPS + Cellular, 40MM) - Space Gray Aluminum Case with Black Sport Band (Renewed)",,,Only 3 left in stock.
"Apple Watch SE (2nd Gen) (GPS, 40mm) - Starlight Aluminium Case with Starlight Sport Band, Regular (Renewed)",,4.5 out of 5 stars,In stock
"Apple Watch Series 7 (GPS, 45MM) - Midnight Aluminum Case with Midnight Sport Band (Renewed)",,,Only 1 left in stock.
"Apple Watch Series 9 [GPS, 41mm] - Midnight Aluminum Case with Midnight Sport Band, M/L (Renewed)",,4.6 out of 5 stars,In stock
